file_name,rel_path,folder,file_size_bytes,is_valid_image,corrupt_error,format,mode,width,height,aspect_ratio,md5,dhash,mean_r,mean_g,mean_b,apparent_identity,colorway
h_img_132981.jpg,handloom_sarees\h_img_132981.jpg,handloom_sarees,213184,True,,JPEG,RGB,1511,1512,0.9993,b5ccd3feace1b7dc64c4e32bc876833b,1100110100100011101000111100111010101110001110111111101111101110,202.25,194.93,204.12,,
h_img_149526.jpg,handloom_sarees\h_img_149526.jpg,handloom_sarees,84672,True,,JPEG,RGB,730,730,1.0,2e134f995277535bfab1c3131ec21182,1011101001011000110010001110000111000001100000011000000100010001,125.89,151.43,72.6,,
h_img_31665.jpg,handloom_sarees\h_img_31665.jpg,handloom_sarees,438421,True,,JPEG,RGB,1512,1512,1.0,ce161d60b0c2188e9279dafc8a449617,1110101111001110111100111111111111110110001111111011111110111101,164.9,139.93,132.77,,
h_img_34590.jpg,handloom_sarees\h_img_34590.jpg,handloom_sarees,246688,True,,JPEG,RGB,1185,1185,1.0,f230a08fe742aeadd94d88f20af9817a,1101010001010001001100010011001101110000010111001100110011001100,193.97,191.13,191.44,,
h_img_35259.jpg,handloom_sarees\h_img_35259.jpg,handloom_sarees,266479,True,,JPEG,RGB,1259,1259,1.0,305a28e044784d40d7b4f9cc418f6bae,0011110110011111100111111001111110001111111110110111101111111010,175.69,95.29,145.12,,
h_img_44440.jpg,handloom_sarees\h_img_44440.jpg,handloom_sarees,339393,True,,JPEG,RGB,1367,1366,1.0007,bec45568ee208aafe09bbed216e9c6e9,1010101010111010101010101010101010101010101010101010101010101010,175.37,177.53,162.85,,
h_img_593526.jpg,handloom_sarees\h_img_593526.jpg,handloom_sarees,39479,True,,JPEG,RGB,610,610,1.0,ec7ae0f2ad5eb0e240f07f7a43a5fc9c,0111110001111100011110000111110000111100011111000111110000010000,147.58,50.09,39.43,,
h_img_76108.jpg,handloom_sarees\h_img_76108.jpg,handloom_sarees,154392,True,,JPEG,RGB,875,874,1.0011,09f375d8e9b09ee82cd0f5a7e1a86c9b,1001110101011101000011110000111101001110100011010011110010111101,86.46,79.53,60.27,,
h_img_93057.jpg,handloom_sarees\h_img_93057.jpg,handloom_sarees,475546,True,,JPEG,RGB,1286,1286,1.0,e7624436c149ae4cfcf6b56f0f1d2373,0101011001001111010101010111001101010110010010110110111101101101,188.46,179.39,161.97,,
img_106019.jpg,handloom_sarees\img_106019.jpg,handloom_sarees,22469,True,,JPEG,RGB,589,589,1.0,ca426cdfcbd40523deed262f8a82d58f,0001011101000110010001100100011001000110010001110100001111100110,205.85,203.65,192.68,,
img_10959.jpg,handloom_sarees\img_10959.jpg,handloom_sarees,23104,True,,JPEG,RGB,486,486,1.0,e56ade1131eddbd8299fe7a3f7147040,0000111000000111001100111001001110110000111110000011110000011100,67.3,58.3,146.16,,
img_110820.jpg,handloom_sarees\img_110820.jpg,handloom_sarees,59992,True,,JPEG,RGB,708,707,1.0014,a4cee055fff2f16ca9e5a6d415e0d2a8,1000000010100000011111001101010000000100011111000111110001111100,189.13,59.66,132.12,,
img_115196.jpg,handloom_sarees\img_115196.jpg,handloom_sarees,44123,True,,JPEG,RGB,631,632,0.9984,417b50104b7f5008e87bfc83a113758f,1001011100010111100100010011000001110001111100111010101110000111,183.71,178.69,162.41,,
img_120749.jpg,handloom_sarees\img_120749.jpg,handloom_sarees,572630,True,,JPEG,RGB,1511,1512,0.9993,634c9aadb01e56b462c9dfb80203a458,1101010111011000001110000011000110101100101001010011100101110100,194.03,178.13,176.85,,
img_130255.jpg,handloom_sarees\img_130255.jpg,handloom_sarees,159842,True,,JPEG,RGB,893,893,1.0,7e3f9dfad6397069345ebe58a97f9a7e,0111100011100100100011111000111100100111000111110001111100101101,201.02,200.78,192.81,,
img_142355.jpg,handloom_sarees\img_142355.jpg,handloom_sarees,516702,True,,JPEG,RGB,1511,1512,0.9993,ca16ed4d1da3a9f181984fcf5780c543,1001100010010110000110000011010011000110110000100110101001110010,183.21,155.45,153.92,,
img_153688.jpg,handloom_sarees\img_153688.jpg,handloom_sarees,57162,True,,JPEG,RGB,631,631,1.0,f3d56140972f2c94a0e8f24fefc0b90d,1100011110001111101110010011100000111001111110011100011111000111,177.98,172.95,158.48,,
img_172154.jpg,handloom_sarees\img_172154.jpg,handloom_sarees,14262,True,,JPEG,RGB,471,470,1.0021,aa1dd85b6ce713a695e71f19c5bbf5b5,1010011010100110101001100010011000100110001011100010110000101100,211.81,211.83,211.07,,
img_175884.jpg,handloom_sarees\img_175884.jpg,handloom_sarees,70592,True,,JPEG,RGB,986,985,1.001,7d2ea2bcaf67dc111c04f6f32c3d339d,0100011101000111001001110011100101100111010001110000011101000111,207.9,206.9,208.21,,
img_180214.jpg,handloom_sarees\img_180214.jpg,handloom_sarees,37778,True,,JPEG,RGB,581,581,1.0,6b393b4c4df49f1b78dec1a219476150,1100001011100110111001101110111111111101110111000001100010011100,47.59,79.94,168.53,,
img_187840.jpg,handloom_sarees\img_187840.jpg,handloom_sarees,17307,True,,JPEG,RGB,471,471,1.0,4b1e1f4806f41adb617ccc558600bbf3,0010110000100100011011100010111000100110001101100011011000110110,209.62,208.44,203.6,,
img_221213.jpg,handloom_sarees\img_221213.jpg,handloom_sarees,109251,True,,JPEG,RGB,908,908,1.0,49a82eedb414a3d8d22007615e52c9c9,0001100000001100100011000000100000101001001110011001011011100110,197.22,195.28,183.63,,
img_232079.jpg,handloom_sarees\img_232079.jpg,handloom_sarees,154550,True,,JPEG,RGB,1085,1085,1.0,371edf122cd16c151bbca5545b4be54d,0111000001110000011001000011100010011001100110011001100110001000,214.02,214.24,210.82,,
img_239226.jpg,handloom_sarees\img_239226.jpg,handloom_sarees,143244,True,,JPEG,RGB,908,908,1.0,5c169252421f2e923eb39be27d3eac1b,1101111000011100001101100001011001011110011100110111101111001000,190.09,177.62,165.27,,
img_246391.jpg,handloom_sarees\img_246391.jpg,handloom_sarees,58531,True,,JPEG,RGB,632,631,1.0016,99a4203163acad6b0a3743e12a230c4e,1100010111000111010011000001111001011100110010100110001011100001,175.76,168.16,155.58,,
img_246854.jpg,handloom_sarees\img_246854.jpg,handloom_sarees,33472,True,,JPEG,RGB,641,642,0.9984,e999afaed8c424d6e0a3ff2962a963f5,0001010100001011000001110000111000101010011110100100111011001110,191.33,45.24,119.94,,
img_2469.jpg,handloom_sarees\img_2469.jpg,handloom_sarees,41114,True,,JPEG,RGB,642,641,1.0016,ff9367b210cb5bda610fd32921aeb90a,1101101100111011001110011001001110000001100010001000100010111000,188.78,64.55,122.31,,
img_257108.jpg,handloom_sarees\img_257108.jpg,handloom_sarees,37305,True,,JPEG,RGB,610,610,1.0,eff41df77b958cb72d5df755bc4f9ee2,0111110010011001110110011100100110001001100010011000001011000011,153.32,45.57,37.69,,
img_259893.jpg,handloom_sarees\img_259893.jpg,handloom_sarees,62020,True,,JPEG,RGB,664,885,0.7503,93023b98edeacbb2f6849b12361e4bd1,0010110000000110000000100000101100101010110001111100000011100000,214.97,208.37,200.9,,
img_260919.jpg,handloom_sarees\img_260919.jpg,handloom_sarees,58637,True,,JPEG,RGB,641,641,1.0,835c9fbb0807b780d8de50d6c7a68c56,1011110010001001100000000110001101100011111001111010001100010010,175.01,168.71,159.23,,
img_261444.jpg,handloom_sarees\img_261444.jpg,handloom_sarees,39025,True,,JPEG,RGB,610,610,1.0,41dd1ddcbd9f0c2e26bee13f205f97d0,1000000010001001100000011100110111000111101001110011011010110110,156.07,51.16,43.46,,
img_26850.jpg,handloom_sarees\img_26850.jpg,handloom_sarees,254016,True,,JPEG,RGB,1375,1376,0.9993,539cdb94c06f5163981344e1832d143b,0100100001001101010001000110000001100001011010010100010001001110,171.72,150.57,144.41,,
img_270633.jpg,handloom_sarees\img_270633.jpg,handloom_sarees,181488,True,,JPEG,RGB,875,875,1.0,6f39ff5c1f62bf376db858b799f2372d,1110100111111000100111011000110001001110000111101101111011111100,94.22,85.51,67.7,,
img_275183.jpg,handloom_sarees\img_275183.jpg,handloom_sarees,26933,True,,JPEG,RGB,485,485,1.0,45d2bba6ed24c61e9d9c4b19a270519f,1000011010000111110000111100011100111100011100100010011001011001,76.96,64.94,152.04,,
img_277936.jpg,handloom_sarees\img_277936.jpg,handloom_sarees,502066,True,,JPEG,RGB,1285,1286,0.9992,985c02b5addc588251dfb0f24789f69b,0110110101110111011100111110011011101010110101101010111000001110,206.03,197.82,177.71,,
img_284975.jpg,handloom_sarees\img_284975.jpg,handloom_sarees,72873,True,,JPEG,RGB,919,919,1.0,11ddae4cb8cb0851f40c164b6f7b64fe,1111110111111111111011101110111111101111001111110011100100111001,195.28,192.47,187.42,,
img_289910.jpg,handloom_sarees\img_289910.jpg,handloom_sarees,512665,True,,JPEG,RGB,1285,1286,0.9992,be6d77a73bed31b7c9d6444659593899,0000111001001101010101011111000011101000111010101111110000101110,199.16,189.41,170.48,,
img_307484.jpg,handloom_sarees\img_307484.jpg,handloom_sarees,131148,True,,JPEG,RGB,893,893,1.0,f1fd663a5c116c2d64b773885507638f,0010001100001011001000110010001100000111010001110110100101001001,205.26,204.15,194.32,,
img_314642.jpg,handloom_sarees\img_314642.jpg,handloom_sarees,45036,True,,JPEG,RGB,629,629,1.0,4f595d793fddb10e5dfc7c5df5183233,0000011000000011100001001000110110000101100000011100000100000111,68.15,56.65,42.42,,
img_316470.jpg,handloom_sarees\img_316470.jpg,handloom_sarees,39384,True,,JPEG,RGB,662,662,1.0,feda7a74d93fbf065cba216e28deafcb,1110010000000101100011111000010111010110110101110101001100110101,183.22,78.27,87.3,,
img_325344.jpg,handloom_sarees\img_325344.jpg,handloom_sarees,208327,True,,JPEG,RGB,893,893,1.0,fcdc9995e85c834f0475477099ba1c42,0011100100010011110001110111010001100001010011010000111100001111,203.08,199.55,190.19,,
img_32852.jpg,handloom_sarees\img_32852.jpg,handloom_sarees,43991,True,,JPEG,RGB,642,641,1.0016,8d8d8440fecbaf5b105323fa05048e09,1011001110100011111001100011011010011110000110111111101101110011,190.63,52.93,119.71,,
img_337700.jpg,handloom_sarees\img_337700.jpg,handloom_sarees,37049,True,,JPEG,RGB,656,655,1.0015,993568a58aebe02905c28f2a6f8b25d7,1100110000101101110011001010110100101100100011110010100011001110,210.16,211.57,205.0,,
img_339968.jpg,handloom_sarees\img_339968.jpg,handloom_sarees,75305,True,,JPEG,RGB,985,986,0.999,eb6d051add279ee2df0b24ca5bf0d21d,0000100110001100001110010011100100111001001111001000110000111001,207.11,210.9,211.41,,
img_341437.jpg,handloom_sarees\img_341437.jpg,handloom_sarees,330738,True,,JPEG,RGB,1376,1376,1.0,b2ecdea4fc6ee42bed73121dd4ee751d,0000110101001101010011010110100101101001011010010100110101001101,208.84,190.31,188.42,,
img_346343.jpg,handloom_sarees\img_346343.jpg,handloom_sarees,239208,True,,JPEG,RGB,1086,1085,1.0009,23dd173080cadac5edb08cd7d374be7c,0110110000111001000110110111100011100110111001101110011001111100,206.58,203.94,199.88,,
img_354459.jpg,handloom_sarees\img_354459.jpg,handloom_sarees,175991,True,,JPEG,RGB,1511,1512,0.9993,14b513d5625fc73c4264372440ee292c,1101101111110011001101101011101011011111111101110011011111011101,198.73,191.78,190.97,,
img_357974.jpg,handloom_sarees\img_357974.jpg,handloom_sarees,39519,True,,JPEG,RGB,662,662,1.0,1ea224f6edda7778a92e3ad1c9f5cf18,1100111010001110100001101001011010000110100010000110110001111100,182.09,81.1,90.19,,
img_364174.jpg,handloom_sarees\img_364174.jpg,handloom_sarees,187936,True,,JPEG,RGB,908,907,1.0011,406711d58c61fd9de8c4514efee1b687,1011101101111011011010011000110111001110101011001100110011110001,203.14,196.2,188.97,,
img_364907.jpg,handloom_sarees\img_364907.jpg,handloom_sarees,24626,True,,JPEG,RGB,589,590,0.9983,f6dd8d61462bf6e7e75aa7085dce4847,1001101110011000000001110000011010110001110010010111000100110010,214.13,215.45,214.92,,
img_366604.jpg,handloom_sarees\img_366604.jpg,handloom_sarees,41617,True,,JPEG,RGB,662,662,1.0,99bc9e93a0501848f9cfa6f0151eafbf,1001010011000100110001011100110110001101101111011111000111110001,186.12,82.94,92.75,,
img_369469.jpg,handloom_sarees\img_369469.jpg,handloom_sarees,38683,True,,JPEG,RGB,656,655,1.0015,f4edbc49949aeb38246810b6b30e8f1b,1101001111100011100100101110001110010010111000111001001011000011,210.95,211.38,206.76,,
img_37489.jpg,handloom_sarees\img_37489.jpg,handloom_sarees,63547,True,,JPEG,RGB,919,919,1.0,842c5798745edab2f5008e0d38f47b28,0111101101000111110001111110011111110011111100111011000110110001,197.96,194.44,184.93,,
img_381577.jpg,handloom_sarees\img_381577.jpg,handloom_sarees,38728,True,,JPEG,RGB,610,610,1.0,9af2f35e95bd1585647837a39f316f8b,0001111000111111001111110011111100111110001111110011111101111100,150.48,49.66,41.02,,
img_385960.jpg,handloom_sarees\img_385960.jpg,handloom_sarees,48185,True,,JPEG,RGB,708,707,1.0014,5653cd28d397d28a4cbb4a267a5b90ee,1100000110010011100100011100000011000000010111110011111100001111,187.46,57.43,133.9,,
img_386972.jpg,handloom_sarees\img_386972.jpg,handloom_sarees,21777,True,,JPEG,RGB,589,590,0.9983,f233daa6e25f956303e69baa650d1b73,0011001000110010001010100000111000001110001000110011001100110011,211.34,210.29,204.92,,
img_393000.jpg,handloom_sarees\img_393000.jpg,handloom_sarees,18866,True,,JPEG,RGB,567,567,1.0,4db48a7a106bc8d7f5711a3e2ff1a594,0000000010000000110000001100000000000000000100010001100100010000,223.61,222.31,216.61,,
img_399807.jpg,handloom_sarees\img_399807.jpg,handloom_sarees,349173,True,,JPEG,RGB,1185,1185,1.0,2e2fa1b0b022d6c1b0852ffad583fe7a,1001100111011111110011001100110011001110001101110011001100110011,194.97,193.16,193.53,,
img_40145.jpg,handloom_sarees\img_40145.jpg,handloom_sarees,29377,True,,JPEG,RGB,486,485,1.0021,d4060f3b77c29f881a1f364f37403510,0010011111100011011100011110000111000001100001101100011110100101,81.16,62.75,146.84,,
img_403289.jpg,handloom_sarees\img_403289.jpg,handloom_sarees,4081,True,,JPEG,RGB,226,226,1.0,7567b0506e3235449b76b8d4cf1d83df,0011000001110001111011001111100011100000001000100000110100001111,213.19,208.98,180.8,,
img_411083.jpg,handloom_sarees\img_411083.jpg,handloom_sarees,71057,True,,JPEG,RGB,730,730,1.0,278c1dd00296f6d237dbe7f32e643e37,1011111110011111110011111011111101011101010111011011010111100000,114.92,133.45,56.04,,
img_413996.jpg,handloom_sarees\img_413996.jpg,handloom_sarees,26682,True,,JPEG,RGB,598,598,1.0,72af0c3e21204e676df9fafa4e345c32,0000110011000110010011100100111011000111000100011001110111000010,151.48,131.38,109.22,,
img_417511.jpg,handloom_sarees\img_417511.jpg,handloom_sarees,273330,True,,JPEG,RGB,1367,1367,1.0,8ba152559b253ede1bef31becda662d3,0110011011001110010010100110111000100010111000101110101011101010,183.42,198.59,182.17,,
img_429922.jpg,handloom_sarees\img_429922.jpg,handloom_sarees,52159,True,,JPEG,RGB,642,642,1.0,e9d78c3eee557820d8993c7765b42013,0110001111100111111100011001100010011001100110001001100110110001,176.6,170.95,165.62,,
img_433250.jpg,handloom_sarees\img_433250.jpg,handloom_sarees,5382,True,,JPEG,RGB,227,227,1.0,bb8e622d705a2bd146dc54576e0d5e01,1100000010000000100000001000000100110010001111100011111100111111,203.88,194.57,160.96,,
img_442389.jpg,handloom_sarees\img_442389.jpg,handloom_sarees,53145,True,,JPEG,RGB,632,632,1.0,65842dfab32a6e1deb1692963d7f8a9b,1100010111000101110001110100110000011100010011100110101011100011,176.34,169.86,153.99,,
img_445986.jpg,handloom_sarees\img_445986.jpg,handloom_sarees,246961,True,,JPEG,RGB,1186,1185,1.0008,c24462a2b132f61dbbac23f80adef777,0111011111110101100011001001110011111100111100110111001101110011,183.41,180.61,181.27,,
img_447852.jpg,handloom_sarees\img_447852.jpg,handloom_sarees,278865,True,,JPEG,RGB,1511,1512,0.9993,2d5858f4a8da0f27afb39d59c34e713e,0110110001010010000100110110011001101110000110110001101101001110,195.51,181.3,190.52,,
img_450212.jpg,handloom_sarees\img_450212.jpg,handloom_sarees,26709,True,,JPEG,RGB,598,598,1.0,c0894301031a4647977da1d6005de72d,1010011010101001011011010110000101111000011010110111000101110100,148.09,128.65,106.05,,
img_458235.jpg,handloom_sarees\img_458235.jpg,handloom_sarees,4654,True,,JPEG,RGB,227,227,1.0,c8b780b7cb7361c2124adb0f880f3280,1111111111110011111000001110000011000000110000000000000000000100,213.59,209.96,183.79,,
img_475101.jpg,handloom_sarees\img_475101.jpg,handloom_sarees,502146,True,,JPEG,RGB,1285,1286,0.9992,4fea85a90882e2407f47eb965f4e9d2d,1000011001001110110001111100011111001011100011110010101100010011,199.96,192.46,176.63,,
img_475851.jpg,handloom_sarees\img_475851.jpg,handloom_sarees,36965,True,,JPEG,RGB,582,582,1.0,3984caddfe8aa8a77ec2a07862490e4d,0101110000011100100111001101110011001100100011001000110010001000,49.6,87.51,175.84,,
img_477984.jpg,handloom_sarees\img_477984.jpg,handloom_sarees,28584,True,,JPEG,RGB,598,598,1.0,60dd73828d7c4595aab1087570ce5392,0110000001110000110000001100001111001001111010001100010011111000,144.22,122.04,97.57,,
img_478598.jpg,handloom_sarees\img_478598.jpg,handloom_sarees,196785,True,,JPEG,RGB,894,894,1.0,8a89cdaa4879348945fc68e31b00d3ae,1111000011110010101101101011011010111000101110001111000001010000,207.26,205.69,197.19,,
img_48234.jpg,handloom_sarees\img_48234.jpg,handloom_sarees,24308,True,,JPEG,RGB,553,553,1.0,c68d957e930ab94406cd7ef74fd8e6da,1100011111000011110000111000000111000001110000101010010110000110,165.32,143.99,123.98,,
img_48825.jpg,handloom_sarees\img_48825.jpg,handloom_sarees,511372,True,,JPEG,RGB,1511,1512,0.9993,5772c162e858c9a883fc4a21e2e628dd,0000011001010110000111100000111000001110000101010011110000010011,185.26,136.96,132.9,,
img_489839.jpg,handloom_sarees\img_489839.jpg,handloom_sarees,238059,True,,JPEG,RGB,1260,1259,1.0008,53eec43332d6ef1eca597ec65a515051,0101101000011110100111111000111100001111100111010001011000111011,163.83,78.65,132.16,,
img_519993.jpg,handloom_sarees\img_519993.jpg,handloom_sarees,25093,True,,JPEG,RGB,589,589,1.0,b92d3aefe70c6f7c38e0d52a8a416db0,1110011001100110001101100110011001100110010111100001111000011000,210.14,206.39,200.47,,
img_524137.jpg,handloom_sarees\img_524137.jpg,handloom_sarees,130840,True,,JPEG,RGB,919,919,1.0,46e1dd6d38c6ce21d2c6ffb2118dce55,1111001111110011111001101110011011000010001000100011000100110011,207.98,204.4,201.25,,
img_526657.jpg,handloom_sarees\img_526657.jpg,handloom_sarees,28827,True,,JPEG,RGB,553,553,1.0,2b29726e21cb21076d0239f02141a46f,1100010100000101000000110001101100001111000011111000111100000111,149.22,129.87,116.22,,
img_529952.jpg,handloom_sarees\img_529952.jpg,handloom_sarees,116953,True,,JPEG,RGB,664,885,0.7503,f9dd9e87642b51ed7295c12477433f26,0110100011101111000011110000000100000001001001010000100100110000,220.28,215.21,210.67,,
img_540343.jpg,handloom_sarees\img_540343.jpg,handloom_sarees,37997,True,,JPEG,RGB,656,656,1.0,1ef6619a2f28cc8a1b75bc5da5d51b7d,0001101011011010000110101101101000011010110110100001101011011000,203.57,204.81,196.76,,
img_541390.jpg,handloom_sarees\img_541390.jpg,handloom_sarees,283835,True,,JPEG,RGB,1376,1376,1.0,05f2b8c83e488b93d9ef7aa2db3c2386,0110000101101001011010011100110101001101010010010110100101101001,194.43,172.17,170.68,,
img_5447.jpg,handloom_sarees\img_5447.jpg,handloom_sarees,27715,True,,JPEG,RGB,554,554,1.0,c57b09ae44b86d0f6766bcac34e85b1a,0001100000011000010110000111100000111000001111000010010010110000,156.05,131.56,107.84,,
img_54863.jpg,handloom_sarees\img_54863.jpg,handloom_sarees,25972,True,,JPEG,RGB,493,494,0.998,962409c234d54acc848d224e911dcaa4,1110001101110011011100010000000100100001000000000000111000001110,171.03,56.5,77.44,,
img_556574.jpg,handloom_sarees\img_556574.jpg,handloom_sarees,29053,True,,JPEG,RGB,485,485,1.0,677cdeef8add47497e7bd4001e4e05e3,1100000000000111011001110001010110000101100000111001011101000011,81.01,68.85,157.95,,
img_55880.jpg,handloom_sarees\img_55880.jpg,handloom_sarees,44577,True,,JPEG,RGB,629,629,1.0,dd283ee8e2823e992cb7bafb4196eb88,1000001010000010100000111000011010000111000001110000111100110111,74.72,61.42,48.69,,
img_565213.jpg,handloom_sarees\img_565213.jpg,handloom_sarees,47854,True,,JPEG,RGB,641,641,1.0,35d77eadd71694b0c87ae86417fb7fab,0001100000111001100110011101011111100111011001110110011101001001,171.69,164.66,156.25,,
img_568910.jpg,handloom_sarees\img_568910.jpg,handloom_sarees,61489,True,,JPEG,RGB,730,730,1.0,d78f7f45f100941b372c06884c503c0f,1110000111011000000011000001110000011000001110010011100100110001,129.68,149.65,64.04,,
img_578081.jpg,handloom_sarees\img_578081.jpg,handloom_sarees,23494,True,,JPEG,RGB,493,493,1.0,65bdb58513b11752fa0b67c37c585814,0000011000101100001100100011000000110000001100000011100000010010,162.77,46.8,65.49,,
img_578936.jpg,handloom_sarees\img_578936.jpg,handloom_sarees,453465,True,,JPEG,RGB,1286,1286,1.0,aa24f1bd16d603b58d81e766a841e2fa,1001101010010101111100111001101011001010110100001100101101001111,195.19,185.47,166.11,,
img_57969.jpg,handloom_sarees\img_57969.jpg,handloom_sarees,19086,True,,JPEG,RGB,566,566,1.0,19298a7cace77d77eb092775c9efad36,1011000010001100100011001100110011000000100000001100010001000100,224.56,224.19,221.27,,
img_583723.jpg,handloom_sarees\img_583723.jpg,handloom_sarees,37624,True,,JPEG,RGB,629,629,1.0,4f67bd7133e9f2d53314893c5ccfee22,1001101111011011110110111101101101111011001101110001011101000111,61.97,50.32,50.73,,
img_586052.jpg,handloom_sarees\img_586052.jpg,handloom_sarees,28032,True,,JPEG,RGB,590,589,1.0017,2f34dbd68fd44c720669c21062fe14b2,0111000010011011100110111001101110011011100110011001011110000111,215.88,214.45,201.44,,
img_586537.jpg,handloom_sarees\img_586537.jpg,handloom_sarees,40046,True,,JPEG,RGB,629,629,1.0,b7fec2c39e7d90deb8602dc1c7b46f63,1110011101100111001110010011100001111100011110001111100001000011,67.81,55.63,43.29,,
img_590289.jpg,handloom_sarees\img_590289.jpg,handloom_sarees,16475,True,,JPEG,RGB,471,471,1.0,5f2749f9f18b42f07faea7ea239f72e3,1001001010010010100100001001000011110010111100111011001010010010,205.98,205.97,205.74,,
img_591020.jpg,handloom_sarees\img_591020.jpg,handloom_sarees,38956,True,,JPEG,RGB,662,662,1.0,ae6ead2f0a889bb0dfcc3f5b403eb93c,0110010000101100000001100100001101100011011100110011101010111011,173.07,69.54,79.78,,
img_602896.jpg,handloom_sarees\img_602896.jpg,handloom_sarees,22424,True,,JPEG,RGB,590,589,1.0017,9f531f89318927b4a41218bf04f79546,1000111110001111101100111011001110110011100100111001001011110000,205.17,202.81,193.54,,
img_614731.jpg,handloom_sarees\img_614731.jpg,handloom_sarees,111143,True,,JPEG,RGB,1086,1086,1.0,848652466f6bde837358ed5da7d057c5,0100110001100100000111000000110000101100011011000110110001101100,201.0,200.95,191.61,,
img_61951.jpg,handloom_sarees\img_61951.jpg,handloom_sarees,41086,True,,JPEG,RGB,656,655,1.0015,631d88c744e8292aaac67dc03c1a9844,0101001010011100111100111001110011010011000110000101101110011100,212.14,211.97,205.29,,
img_632748.jpg,handloom_sarees\img_632748.jpg,handloom_sarees,6410,True,,JPEG,RGB,227,227,1.0,6925fd6ab0086406aca9d87a5511712c,1110111111100101110000010000000100000001000000100100001110001110,197.96,189.63,161.54,,
img_635336.jpg,handloom_sarees\img_635336.jpg,handloom_sarees,25137,True,,JPEG,RGB,598,598,1.0,6d6ccdb6c0b707bff98c14f73221c64e,1101000110000000100010000001101010001011100001111000011110000111,148.92,125.35,101.0,,
img_635738.jpg,handloom_sarees\img_635738.jpg,handloom_sarees,155937,True,,JPEG,RGB,1085,1085,1.0,352e5f88951086954770b96ef59dc04b,1000011110001111110011001100110011011010101100110111001000000011,210.41,209.56,203.34,,
img_635895.jpg,handloom_sarees\img_635895.jpg,handloom_sarees,276454,True,,JPEG,RGB,1375,1376,0.9993,ecba42ba94b0b4c6d6515c2099d40c46,0110000001101001010001000000110000001100011000000110000001101001,186.09,163.82,164.32,,
img_636938.jpg,handloom_sarees\img_636938.jpg,handloom_sarees,26356,True,,JPEG,RGB,567,567,1.0,f10cf23507418e4022d1b46a5fb464e6,1001110010011101101111101011111010100110101001101010011000111110,223.23,221.76,220.15,,
img_638094.jpg,handloom_sarees\img_638094.jpg,handloom_sarees,22776,True,,JPEG,RGB,590,589,1.0017,31a8759aa310a4fe05c5b688c45f9101,1101010101100111001001101010011111001001111110000001001010010000,209.44,211.8,210.64,,
img_642784.jpg,handloom_sarees\img_642784.jpg,handloom_sarees,34821,True,,JPEG,RGB,656,656,1.0,108f397ff3b568b3acbebfcb5f09e97f,1001011111100110100101111000011011000011100100101100001111100011,206.06,207.96,201.88,,
img_643949.jpg,handloom_sarees\img_643949.jpg,handloom_sarees,37756,True,,JPEG,RGB,664,886,0.7494,2e5699d349a61c7acee348e7bda362ac,0101110111011110101110111000011110001111111000010100110001100011,213.62,207.09,198.34,,
img_648754.jpg,handloom_sarees\img_648754.jpg,handloom_sarees,25509,True,,JPEG,RGB,598,598,1.0,e939fd24402dd1d16605476db89e06d3,0000010000100001001010001001110000011110000111000001100000111010,151.09,128.84,105.27,,
img_649782.jpg,handloom_sarees\img_649782.jpg,handloom_sarees,42315,True,,JPEG,RGB,630,630,1.0,6e4016b8dc16f6606012a2bdf9282217,0110001111100001110000011110001011100111001001111001001110100011,69.76,55.58,42.11,,
img_65263.jpg,handloom_sarees\img_65263.jpg,handloom_sarees,184517,True,,JPEG,RGB,1368,1367,1.0007,37a684db2d659b1d5f1ea338039700d4,1001100100100110010001001001100000100001010000010010010010100101,162.42,188.04,159.42,,
img_667809.jpg,handloom_sarees\img_667809.jpg,handloom_sarees,153364,True,,JPEG,RGB,874,874,1.0,8b5c1f1532e3d28d976bab01fd6a3fcb,1000000110000010100010111000011000101010001110000111000001110000,83.41,67.99,56.46,,
img_669675.jpg,handloom_sarees\img_669675.jpg,handloom_sarees,119781,True,,JPEG,RGB,730,730,1.0,d74599c91a3dcb1680275ca93c58526b,1100110011000001110000111100001111000011110000111001001111001011,119.86,148.32,72.31,,
img_67123.jpg,handloom_sarees\img_67123.jpg,handloom_sarees,199077,True,,JPEG,RGB,908,907,1.0011,6e179bd8635eeb2eeaa2eed79c3a8210,0100110011001010100011101000111111001110111111001011100110111001,210.56,206.0,204.82,,
img_677180.jpg,handloom_sarees\img_677180.jpg,handloom_sarees,13055,True,,JPEG,RGB,470,471,0.9979,71dfd976e44fe31c1eaa5a55522b911d,1100100011001000110010001100100111011001110010011100100111001001,215.0,215.69,212.11,,
img_678178.jpg,handloom_sarees\img_678178.jpg,handloom_sarees,473106,True,,JPEG,RGB,1512,1512,1.0,0739944b7714cebaf9bc186e7e77fe56,1111110001111100111101101111010011111100110111011111000111111001,182.46,130.73,127.67,,
img_678193.jpg,handloom_sarees\img_678193.jpg,handloom_sarees,168099,True,,JPEG,RGB,1367,1367,1.0,9e1297c8e7321aff5816238a353c684b,1111111011110100111101101111010001111101010111011101011001100100,167.82,196.12,171.11,,
img_68235.jpg,handloom_sarees\img_68235.jpg,handloom_sarees,94872,True,,JPEG,RGB,1085,1086,0.9991,c1494de3ffe3fb1a646932e38567a876,0111001111110010011100000111000101110010110100011001000110010011,204.47,204.37,197.26,,
img_688109.jpg,handloom_sarees\img_688109.jpg,handloom_sarees,25644,True,,JPEG,RGB,493,493,1.0,e36deacd65ea514be8a43a2a5a5132c9,1001000000010100110001111100011011000110110001111110010010100100,167.34,53.2,72.48,,
img_694883.jpg,handloom_sarees\img_694883.jpg,handloom_sarees,205317,True,,JPEG,RGB,1259,1260,0.9992,2afcaf8cbd0d14680353b8341beb19f9,0011111000010110100011011010100111000111111100011111001111100001,177.22,101.17,149.1,,
img_710186.jpg,handloom_sarees\img_710186.jpg,handloom_sarees,14989,True,,JPEG,RGB,471,470,1.0021,13b899a8ddd89446351d1c2969236a95,1001001010000110100001101001001010010000100100001001000010010010,212.23,212.87,209.4,,
img_7150.jpg,handloom_sarees\img_7150.jpg,handloom_sarees,23623,True,,JPEG,RGB,485,486,0.9979,4a9191326066ae12aa42abb014b49b41,0101000101001000010001100110011011100000011100000111100001111000,72.56,61.15,154.43,,
img_718326.jpg,handloom_sarees\img_718326.jpg,handloom_sarees,43965,True,,JPEG,RGB,708,708,1.0,e63021b68ecc6cde381e54ff5eb49de6,1100000001111110001111000111100011001000101110101111100010000000,184.51,54.41,126.17,,
img_726717.jpg,handloom_sarees\img_726717.jpg,handloom_sarees,38748,True,,JPEG,RGB,582,581,1.0017,421e31877dc6ceee231245846a539938,1100100010001000100010001000100010000001100000000011000000010000,47.06,76.4,158.76,,
img_738703.jpg,handloom_sarees\img_738703.jpg,handloom_sarees,78128,True,,JPEG,RGB,730,730,1.0,d60d4a58de011406ab7281f0286d87de,1011000110010011101000111000001110001101001001010011111000111110,124.46,148.68,66.63,,
img_741740.jpg,handloom_sarees\img_741740.jpg,handloom_sarees,54226,True,,JPEG,RGB,631,631,1.0,c2d8d062bd30d9bbd2ec960325c88b93,0001111100011111001100111111000111110011101010110000111110011111,186.3,180.57,169.36,,
img_744464.jpg,handloom_sarees\img_744464.jpg,handloom_sarees,191935,True,,JPEG,RGB,1185,1186,0.9992,dcce5374514eade078a42fe42a2165dc,1101011101011111110011001100110011010100001101110011001100110011,194.7,192.56,189.98,,
img_746861.jpg,handloom_sarees\img_746861.jpg,handloom_sarees,24021,True,,JPEG,RGB,494,493,1.002,66057885f2f277fe57b54486ea99243a,1000011010000101110000111100011111000110110001111100101110001000,166.34,54.52,73.84,,
img_748887.jpg,handloom_sarees\img_748887.jpg,handloom_sarees,165839,True,,JPEG,RGB,1186,1186,1.0,925c5135e5d47bc90457e66418fafb59,1011111011111110110011001100110011011110111101100011001100110011,186.16,181.55,177.59,,
img_764354.jpg,handloom_sarees\img_764354.jpg,handloom_sarees,81023,True,,JPEG,RGB,985,985,1.0,077859fb18c4eef5af560b841f927b26,0111000100110001001010001000111001110001001100110011000100110000,216.27,215.18,215.49,,
img_770334.jpg,handloom_sarees\img_770334.jpg,handloom_sarees,83810,True,,JPEG,RGB,664,885,0.7503,f24c96e4a8ef42d7c6b18779b8de53ff,1111011001111100011111101111111001111111101111111001111110011111,214.08,209.87,207.08,,
img_776505.jpg,handloom_sarees\img_776505.jpg,handloom_sarees,38919,True,,JPEG,RGB,581,582,0.9983,97135bef0932f019b960915844f92578,1011100001111100011110001111110011111000011110000111010011100100,45.48,87.38,181.91,,
img_789127.jpg,handloom_sarees\img_789127.jpg,handloom_sarees,355530,True,,JPEG,RGB,1259,1259,1.0,9cb7e1812162044fce4b40cc9d2fdfa6,1101010110110001011001110010111100101110011011001101100111110011,185.88,103.46,162.18,,
img_801823.jpg,handloom_sarees\img_801823.jpg,handloom_sarees,34091,True,,JPEG,RGB,664,886,0.7494,e9db842f18c6d9822f900083c2e34702,1111111111110110110110001101100011000000111000011111001011100000,209.14,203.41,195.88,,
img_804542.jpg,handloom_sarees\img_804542.jpg,handloom_sarees,43767,True,,JPEG,RGB,641,641,1.0,0c64dba1298cf286578e9572bef459b8,1100100011001010110001101110011000101000000010000000101100101011,199.87,63.75,136.7,,
img_808059.jpg,handloom_sarees\img_808059.jpg,handloom_sarees,5626,True,,JPEG,RGB,227,227,1.0,c1fc35453d514a9ee68f65c20653ba83,0001110100111011110110111111011111111111111111111111111110000011,204.81,202.72,178.32,,
img_82256.jpg,handloom_sarees\img_82256.jpg,handloom_sarees,327916,True,,JPEG,RGB,1368,1367,1.0007,0d6ed6759ede7ac1ef9a9ed8308ccf37,1110101100111010001011101110111111001011111000101010101010101010,167.63,183.91,166.45,,
img_822729.jpg,handloom_sarees\img_822729.jpg,handloom_sarees,34155,True,,JPEG,RGB,581,581,1.0,a72981c67e67ea9bbb56904d2de08875,1000111110001011100000111000111010001110100011101000011110011110,38.6,76.85,170.83,,
img_828414.jpg,handloom_sarees\img_828414.jpg,handloom_sarees,27190,True,,JPEG,RGB,589,589,1.0,7a81c8e2666e00310b2c08df5016dbd9,0110100000010000100110100001000100100110101001100100010101001100,209.62,211.19,210.89,,
img_834923.jpg,handloom_sarees\img_834923.jpg,handloom_sarees,333600,True,,JPEG,RGB,1375,1376,0.9993,07fb566fdd880a61ca9498c1b8bf2a6b,0001000010010010100000101011011000110100001100000001001010100010,196.58,178.01,179.47,,
img_845893.jpg,handloom_sarees\img_845893.jpg,handloom_sarees,34044,True,,JPEG,RGB,610,610,1.0,2da0b39622a33c80d1189fce281f7ca1,0000000100000001000000010010001100110011011111000110110001101100,146.9,44.08,39.02,,
img_85121.jpg,handloom_sarees\img_85121.jpg,handloom_sarees,23767,True,,JPEG,RGB,590,589,1.0017,c0df8f7a5fcc82cfcb73f50b7573ae93,0100010101100110001101111101100111011001001100000011010011100000,216.12,217.65,217.26,,
img_86754.jpg,handloom_sarees\img_86754.jpg,handloom_sarees,27748,True,,JPEG,RGB,553,553,1.0,1c0a542393affe5e8d6e2534de8fb8cf,1000011110001111000001110000011100001111000001110000011100000011,145.35,120.6,97.73,,
img_874118.jpg,handloom_sarees\img_874118.jpg,handloom_sarees,44396,True,,JPEG,RGB,708,707,1.0014,b544cf60a63b8afed118e3bbfae6f68a,0001110010001000100011100001111000011110000011001000110010011111,188.51,54.15,132.21,,
img_881252.jpg,handloom_sarees\img_881252.jpg,handloom_sarees,165413,True,,JPEG,RGB,874,875,0.9989,d42350ac68c734ff423a28ceb88de692,1011010010111100001110011001000111000010100000111000001010010001,86.04,68.6,60.53,,
img_884336.jpg,handloom_sarees\img_884336.jpg,handloom_sarees,173355,True,,JPEG,RGB,1512,1512,1.0,91d147af4c39b8eb2c33446acec1c7f1,0010010010100010111000011110010110100111110011011100110100100111,186.11,178.78,172.22,,
img_889324.jpg,handloom_sarees\img_889324.jpg,handloom_sarees,20235,True,,JPEG,RGB,567,567,1.0,27427b02f1486274c368036fdcf59791,0001100000100000000000000000100000000000100000011000000110000001,222.4,221.46,216.25,,
img_892336.jpg,handloom_sarees\img_892336.jpg,handloom_sarees,23586,True,,JPEG,RGB,589,589,1.0,76fd963b9cd572acf12e0a589318fba1,0011100000010000000100000110010001000100110000011100000110000101,213.45,215.02,214.36,,
img_895368.jpg,handloom_sarees\img_895368.jpg,handloom_sarees,40141,True,,JPEG,RGB,641,641,1.0,f95e97dbf8bca8982b16efe800f294d8,1000100100101001100010110100111110011111011110110111101111111001,191.59,65.15,124.85,,
img_897203.jpg,handloom_sarees\img_897203.jpg,handloom_sarees,27673,True,,JPEG,RGB,553,553,1.0,632da24f1935c1eca57bde35a6c80d86,0101001111010011110010111100100111100111011001111110001111100110,153.3,127.82,110.3,,
img_90832.jpg,handloom_sarees\img_90832.jpg,handloom_sarees,185637,True,,JPEG,RGB,1260,1260,1.0,5e5b540880a5724cd25a82e2e8b2b0f0,1000011110000111100011110101101000011011110110000101100010011000,160.78,84.33,124.77,,
img_915919.jpg,handloom_sarees\img_915919.jpg,handloom_sarees,157629,True,,JPEG,RGB,875,875,1.0,125cbbc4ed7edd972361b7ca028cecd8,1010110010011000100000010100111001001110100111101001100110011001,78.81,68.75,51.02,,
img_917853.jpg,handloom_sarees\img_917853.jpg,handloom_sarees,46347,True,,JPEG,RGB,708,708,1.0,2a8252ae96fbab22a35e20c48f8fdd23,1001011000111110000111101100010011000100100011101100000011000001,185.42,57.21,133.22,,
img_927463.jpg,handloom_sarees\img_927463.jpg,handloom_sarees,58956,True,,JPEG,RGB,641,641,1.0,4bf9a451ffc66d4ec436c759c7d4aa32,1001110010001100001000000111000101110011011001010110001100111001,178.08,174.67,169.05,,
img_927947.jpg,handloom_sarees\img_927947.jpg,handloom_sarees,171719,True,,JPEG,RGB,908,907,1.0011,65a2245d6f9455ff7fca9e30ebcb1284,1100011011000111100011111001010110000111100010000011100100111001,207.45,190.65,190.26,,
img_94825.jpg,handloom_sarees\img_94825.jpg,handloom_sarees,38955,True,,JPEG,RGB,662,662,1.0,20d6f17ddd9ea7e2d60472a946802275,0100001101111001001101001011001101010011001001011000010110100101,182.16,77.21,86.24,,
img_955789.jpg,handloom_sarees\img_955789.jpg,handloom_sarees,52620,True,,JPEG,RGB,641,641,1.0,35b50023f78c63437e2365834571052d,0001100000101001100111011100110111100111011001110110011111001011,171.5,165.7,161.24,,
img_960789.jpg,handloom_sarees\img_960789.jpg,handloom_sarees,197797,True,,JPEG,RGB,1512,1512,1.0,559291c09663645f2db40e1b44ac4ecd,0010011111011101110011010100011101000101010100011101110101010100,192.73,186.95,194.54,,
img_961476.jpg,handloom_sarees\img_961476.jpg,handloom_sarees,66625,True,,JPEG,RGB,986,986,1.0,b95e6d127efe9c3f86b3f1423e2733b2,1100011100110101101001001100011111000111110001110011010101100100,198.38,201.2,201.64,,
img_966256.jpg,handloom_sarees\img_966256.jpg,handloom_sarees,25144,True,,JPEG,RGB,494,493,1.002,2c80e9c5ffe7dfa94dcd15531024709a,1000100010001000001110000011100000111000000110001000011000010010,164.33,49.21,67.03,,
img_978752.jpg,handloom_sarees\img_978752.jpg,handloom_sarees,76387,True,,JPEG,RGB,985,985,1.0,9d0d708f9aef12fcce3ac7af9159d8fa,1111001111110011100111001101101111110011111100111111101010011110,207.78,207.89,209.85,,
img_981759.jpg,handloom_sarees\img_981759.jpg,handloom_sarees,205594,True,,JPEG,RGB,893,893,1.0,45ace8975ef4690733c0fd8325ccea26,0000111000001111000011000010100100101011001010110010111100101111,208.56,204.75,192.87,,
img_982056.jpg,handloom_sarees\img_982056.jpg,handloom_sarees,19977,True,,JPEG,RGB,567,567,1.0,2b64b39b86f631f97308422baae8fa3d,1001110010011100100111111001111110011101010111000101100010011000,220.14,218.93,213.01,,
img_987571.jpg,handloom_sarees\img_987571.jpg,handloom_sarees,68780,True,,JPEG,RGB,918,918,1.0,e19764415792332ccfdc37d399c2e560,1110111111100111101110010011100110111111111011111110011111100111,200.2,197.58,193.4,,
img_987632.jpg,handloom_sarees\img_987632.jpg,handloom_sarees,53165,True,,JPEG,RGB,919,919,1.0,21d752ff6167eb426078c391b646b741,1011101011000111110001101100011011101111111101110011000100111001,189.36,185.18,174.3,,
